Phage ,Treatment,Competitor,Temp,Time,Rep,Batch,DNA_conc,Fold_change_DNAconc_to_zero,Rel_DNA_to_singlephage,,,P,L,14
LUZ19,3P,3P,37,0,0,1,0.05660206,1.032296795,,,T0,1.105614788,0.917839619,0.946284161
LUZ19,3P,3P,37,0,0,1,0.059121842,1.078252064,,,,,,
LUZ19,3P,3P,37,0,0,2,0.048769663,0.889451141,,T2,37,192.5985544,120.9794895,35.65743561
LUZ19,3P,3P,40,0,0,2,0.05660206,1.032296795,,,40,164.1049937,106.3577993,45.44292664
LUZ19,3P,3P,40,0,0,3,0.059121842,1.078252064,,,42,1.357014054,96.52327042,5.31570242
LUZ19,3P,3P,40,0,0,3,0.048769663,0.889451141,,,,,,
LUZ19,3P,3P,42,0,0,1,0.05660206,1.032296795,,,,95.74646978,60.03082495,17.35557572
LUZ19,3P,3P,42,0,0,1,0.059121842,1.078252064,,,,81.49968946,52.71997982,22.24832124
LUZ19,3P,3P,42,0,0,2,0.048769663,0.889451141,,,,0.125699633,47.8027154,2.18470913
LUZ19,3P,3P,37,2,5,1,6.767846005,123.4305914,,,,,,
LUZ19,3P,3P,37,2,6,1,5.443712621,99.28131756,,,,114.8957637,72.03698995,26.69798549
LUZ19,3P,3P,37,2,1,2,6.130928738,111.8146246,,,,,,
LUZ19,3P,3P,37,2,2,2,6.431014517,117.2875276,,,,0.833333333,0.833333333,0.65007061
LUZ19,3P,3P,37,2,3,3,6.03169345,110.0047917,,,,0.709335895,0.731845957,0.833333333
LUZ19,3P,3P,37,2,4,3,4.823668513,87.97307991,,,,0.001094032,0.663585686,0.081830486
LUZ19,3P,3P,40,2,5,1,7.849362476,143.1550677,,,,,,
LUZ19,3P,3P,40,2,6,1,5.257987838,95.89410695,,,,,,
LUZ19,3P,3P,40,2,1,2,5.724355382,104.3996228,,T5,37,355.1090489,239.3485105,4497.711094
LUZ19,3P,3P,40,2,2,2,5.22093224,95.21829453,,,40,357.3997589,239.1147347,2724.415436
LUZ19,3P,3P,40,2,3,3,4.275822701,77.98158003,,,42,1.178153276,181.0953428,40.7452842
LUZ19,3P,3P,40,2,4,3,4.272091244,77.91352648,,,,,,
LUZ19,3P,3P,42,2,5,1,6.945275561,126.6665154,,,,70.80068681,47.68613417,899.3529619
LUZ19,3P,3P,42,2,6,1,4.272579459,77.92243044,,,,71.25882881,47.63937901,544.6938304
LUZ19,3P,3P,42,2,1,2,5.187369458,94.60618337,,,,0.014507698,36.03550064,7.959800008
LUZ19,3P,3P,42,2,2,2,4.276890029,78.00104574,,,,,,
LUZ19,3P,3P,42,2,3,3,5.045106239,92.01161588,,,,,,
LUZ19,3P,3P,42,2,4,3,3.985821303,72.69259383,,,,,,
LUZ19,3P,3P,37,5,5,1,11.81987197,215.5684079,0.90064654,,,,,
LUZ19,3P,3P,37,5,6,1,6.414854568,116.9928058,0.488796883,,,,,
LUZ19,3P,3P,37,5,1,2,7.194528845,131.2123458,0.548206235,,,,,
LUZ19,3P,3P,37,5,2,2,6.423443876,117.1494558,0.489451368,,,,,
LUZ19,3P,3P,37,5,3,3,6.935786078,126.4934481,0.528490643,,,,,
LUZ19,3P,3P,37,5,4,3,6.183482357,112.7730867,0.471166862,,,,,
LUZ19,3P,3P,40,5,5,1,11.91325889,217.2715794,0.908649899,,,,,
LUZ19,3P,3P,40,5,6,1,6.109021407,111.4150831,0.465948212,,,,,
LUZ19,3P,3P,40,5,1,2,7.221065213,131.6963107,0.550766187,,,,,
LUZ19,3P,3P,40,5,2,2,7.198843938,131.2910436,0.549071323,,,,,
LUZ19,3P,3P,40,5,3,3,6.713679696,122.4427174,0.512066801,,,,,
LUZ19,3P,3P,40,5,4,3,5.597096367,102.078699,0.426902588,,,,,
LUZ19,3P,3P,42,5,5,1,13.35920421,243.6424345,1.34538211,,,,,
LUZ19,3P,3P,42,5,6,1,7.547614154,137.6518435,0.760107032,,,,,
LUZ19,3P,3P,42,5,1,2,11.21058346,204.4563286,1.128998269,,,,,
LUZ19,3P,3P,42,5,2,2,8.795037911,160.4021029,0.885732898,,,,,
LUZ19,3P,3P,42,5,3,3,9.579287229,174.7050815,0.964713277,,,,,
LUZ19,3P,3P,42,5,4,3,6.257810901,114.1286755,0.6302132,,,,,
LUZ19,L,No_competitor,37,0,0,1,0.056261083,1.026078127,,,,,,
LUZ19,L,No_competitor,37,0,0,2,0.047571948,0.867607459,,,,,,
LUZ19,L,No_competitor,37,0,0,3,0.04714568,0.859833271,,,,,,
LUZ19,L,No_competitor,40,0,0,1,0.056261083,1.026078127,,,,,,
LUZ19,L,No_competitor,40,0,0,2,0.047571948,0.867607459,,,,,,
LUZ19,L,No_competitor,40,0,0,3,0.04714568,0.859833271,,,,,,
LUZ19,L,No_competitor,42,0,0,1,0.056261083,1.026078127,,,,,,
LUZ19,L,No_competitor,42,0,0,2,0.047571948,0.867607459,,,,,,
LUZ19,L,No_competitor,42,0,0,3,0.04714568,0.859833271,,,,,,
LUZ19,L,No_competitor,37,1,5,1,1.16731411,21.28923603,,,,,,
LUZ19,L,No_competitor,37,1,6,1,1.08638336,19.81323756,,,,,,
LUZ19,L,No_competitor,37,1,1,2,0.529605105,9.658829602,,,,,,
LUZ19,L,No_competitor,37,1,2,2,0.473461733,8.634898265,,,,,,
LUZ19,L,No_competitor,37,1,3,3,0.919536896,16.77032587,,,,,,
LUZ19,L,No_competitor,37,1,4,3,1.190064977,21.70416169,,,,,,
LUZ19,L,No_competitor,40,1,5,1,0.317450915,5.78960487,,,,,,
LUZ19,L,No_competitor,40,1,6,1,0.901532698,16.44196899,,,,,,
LUZ19,L,No_competitor,40,1,1,2,0.389825137,7.10955113,,,,,,
LUZ19,L,No_competitor,40,1,2,2,0.335174672,6.112847126,,,,,,
LUZ19,L,No_competitor,40,1,3,3,0.74956805,13.67046881,,,,,,
LUZ19,L,No_competitor,40,1,4,3,0.811320195,14.7966918,,,,,,
LUZ19,L,No_competitor,42,1,5,1,0.33853254,6.174087236,,,,,,
LUZ19,L,No_competitor,42,1,6,1,0.33189274,6.052991921,,,,,,
LUZ19,L,No_competitor,42,1,1,2,0.258679805,4.717749384,,,,,,
LUZ19,L,No_competitor,42,1,2,2,0.249857144,4.556843497,,,,,,
LUZ19,L,No_competitor,42,1,3,3,0.454516211,8.289373709,,,,,,
LUZ19,L,No_competitor,42,1,4,3,0.414264877,7.555278111,,,,,,
LUZ19,L,No_competitor,37,2,5,1,6.03505524,110.0661033,,,,,,
LUZ19,L,No_competitor,37,2,6,1,7.000059539,127.6656544,,,,,,
LUZ19,L,No_competitor,37,2,1,2,6.71334122,122.4365443,,,,,,
LUZ19,L,No_competitor,37,2,2,2,8.670431846,158.1295629,,,,,,
LUZ19,L,No_competitor,37,2,3,3,6.545971375,119.3840873,,,,,,
LUZ19,L,No_competitor,37,2,4,3,4.835835831,88.19498497,,,,,,
LUZ19,L,No_competitor,40,2,5,1,5.130775418,93.57403284,,,,,,
LUZ19,L,No_competitor,40,2,6,1,7.096791362,129.4298296,,,,,,
LUZ19,L,No_competitor,40,2,1,2,6.258625611,114.143534,,,,,,
LUZ19,L,No_competitor,40,2,2,2,5.081779425,92.68045394,,,,,,
LUZ19,L,No_competitor,40,2,3,3,5.939167586,108.3173239,,,,,,
LUZ19,L,No_competitor,40,2,4,3,5.483207733,100.0016213,,,,,,
LUZ19,L,No_competitor,42,2,5,1,5.835157052,106.420401,,,,,,
LUZ19,L,No_competitor,42,2,6,1,4.668270499,85.13896271,,,,,,
LUZ19,L,No_competitor,42,2,1,2,7.091166166,129.3272384,,,,,,
LUZ19,L,No_competitor,42,2,2,2,4.00574362,73.05593298,,,,,,
LUZ19,L,No_competitor,42,2,3,3,4.868283535,88.78675956,,,,,,
LUZ19,L,No_competitor,42,2,4,3,5.286292843,96.41032784,,,,,,
LUZ19,L,No_competitor,37,3,5,1,8.17049708,149.0118549,,,,,,
LUZ19,L,No_competitor,37,3,6,1,8.854105887,161.4793725,,,,,,
LUZ19,L,No_competitor,37,3,1,2,6.971672236,127.1479326,,,,,,
LUZ19,L,No_competitor,37,3,2,2,8.163149224,148.8778462,,,,,,
LUZ19,L,No_competitor,37,3,3,3,9.152055568,166.9133179,,,,,,
LUZ19,L,No_competitor,37,3,4,3,6.704127398,122.2685045,,,,,,
LUZ19,L,No_competitor,40,3,5,1,7.024734906,128.1156787,,,,,,
LUZ19,L,No_competitor,40,3,6,1,9.481161022,172.9154758,,,,,,
LUZ19,L,No_competitor,40,3,1,2,10.27430201,187.380619,,,,,,
LUZ19,L,No_competitor,40,3,2,2,7.058669992,128.7345798,,,,,,
LUZ19,L,No_competitor,40,3,3,3,6.584418206,120.0852727,,,,,,
LUZ19,L,No_competitor,40,3,4,3,6.935534494,126.4888598,,,,,,
LUZ19,L,No_competitor,42,3,5,1,6.931576043,126.4166664,,,,,,
LUZ19,L,No_competitor,42,3,6,1,6.90697393,125.9679781,,,,,,
LUZ19,L,No_competitor,42,3,1,2,13.10257481,238.9620799,,,,,,
LUZ19,L,No_competitor,42,3,2,2,6.035037854,110.0657862,,,,,,
LUZ19,L,No_competitor,42,3,3,3,5.954949988,108.6051601,,,,,,
LUZ19,L,No_competitor,42,3,4,3,6.341547206,115.6558411,,,,,,
LUZ19,L,No_competitor,37,4,5,1,9.656422741,176.1118632,,,,,,
LUZ19,L,No_competitor,37,4,6,1,12.61981401,230.1575872,,,,,,
LUZ19,L,No_competitor,37,4,1,2,9.535303867,173.902922,,,,,,
LUZ19,L,No_competitor,37,4,2,2,11.85493767,216.2079289,,,,,,
LUZ19,L,No_competitor,37,4,3,3,10.3729723,189.1801476,,,,,,
LUZ19,L,No_competitor,37,4,4,3,8.831061159,161.0590875,,,,,,
LUZ19,L,No_competitor,40,4,5,1,7.75363678,141.409242,,,,,,
LUZ19,L,No_competitor,40,4,6,1,13.52559887,246.6771062,,,,,,
LUZ19,L,No_competitor,40,4,1,2,12.61145206,230.0050837,,,,,,
LUZ19,L,No_competitor,40,4,2,2,10.74826949,196.024741,,,,,,
LUZ19,L,No_competitor,40,4,3,3,10.02138884,182.7680403,,,,,,
LUZ19,L,No_competitor,40,4,4,3,10.70617822,195.257089,,,,,,
LUZ19,L,No_competitor,42,4,5,1,8.195750989,149.4724305,,,,,,
LUZ19,L,No_competitor,42,4,6,1,7.864624426,143.433412,,,,,,
LUZ19,L,No_competitor,42,4,1,2,15.27345878,278.5542179,,,,,,
LUZ19,L,No_competitor,42,4,2,2,10.0759291,183.7627344,,,,,,
LUZ19,L,No_competitor,42,4,3,3,6.859746029,125.1066453,,,,,,
LUZ19,L,No_competitor,42,4,4,3,8.881964992,161.9874612,,,,,,
LUZ19,L,No_competitor,37,5,5,1,12.69054942,231.4476451,0.966990121,,,,,
LUZ19,L,No_competitor,37,5,6,1,15.31125037,279.2434531,1.166681391,,,,,
LUZ19,L,No_competitor,37,5,1,2,13.78968858,251.4935204,1.050741949,,,,,
LUZ19,L,No_competitor,37,5,2,2,11.53251876,210.3277188,0.878750899,,,,,
LUZ19,L,No_competitor,37,5,3,3,14.48912033,264.2496136,1.104037009,,,,,
LUZ19,L,No_competitor,37,5,4,3,10.92945207,199.3291118,0.832798631,,,,,
LUZ19,L,No_competitor,40,5,5,1,11.39539925,207.8269612,0.869151629,,,,,
LUZ19,L,No_competitor,40,5,6,1,13.7977599,251.6407235,1.052384847,,,,,
LUZ19,L,No_competitor,40,5,1,2,16.87814992,307.8202467,1.287332824,,,,,
LUZ19,L,No_competitor,40,5,2,2,13.75648263,250.887917,1.049236541,,,,,
LUZ19,L,No_competitor,40,5,3,3,11.48596795,209.4787346,0.876059499,,,,,
LUZ19,L,No_competitor,40,5,4,3,11.35191065,207.033825,0.86583466,,,,,
LUZ19,L,No_competitor,42,5,5,1,9.972644981,181.8790598,1.004327648,,,,,
LUZ19,L,No_competitor,42,5,6,1,9.207831666,167.9305509,0.927304636,,,,,
LUZ19,L,No_competitor,42,5,1,2,15.60373235,284.5776797,1.571424617,,,,,
LUZ19,L,No_competitor,42,5,2,2,8.479050847,154.6391954,0.853910393,,,,,
LUZ19,L,No_competitor,42,5,3,3,7.338323853,133.8348498,0.739029771,,,,,
LUZ19,L,No_competitor,42,5,4,3,8.976453395,163.7107214,0.904002935,,,,,
LUZ19,L14,phage14,37,0,0,1,0.059637404,1.087654778,,,,,,
LUZ19,L14,phage14,37,0,0,1,0.068864127,1.255929866,,,,,,
LUZ19,L14,phage14,37,0,0,2,0.051188599,0.933567201,,,,,,
LUZ19,L14,phage14,40,0,0,2,0.059637404,1.087654778,,,,,,
LUZ19,L14,phage14,40,0,0,3,0.068864127,1.255929866,,,,,,
LUZ19,L14,phage14,40,0,0,3,0.051188599,0.933567201,,,,,,
LUZ19,L14,phage14,42,0,0,1,0.059637404,1.087654778,,,,,,
LUZ19,L14,phage14,42,0,0,1,0.068864127,1.255929866,,,,,,
LUZ19,L14,phage14,42,0,0,2,0.051188599,0.933567201,,,,,,
LUZ19,L14,phage14,37,2,5,1,6.947737313,126.7114123,,,,,,
LUZ19,L14,phage14,37,2,6,1,6.83925168,124.7328735,,,,,,
LUZ19,L14,phage14,37,2,1,2,6.171847814,112.5608983,,,,,,
LUZ19,L14,phage14,37,2,2,2,5.385365212,98.21718944,,,,,,
LUZ19,L14,phage14,37,2,3,3,6.001482297,109.4538068,,,,,,
LUZ19,L14,phage14,37,2,4,3,6.272920009,114.4042323,,,,,,
LUZ19,L14,phage14,40,2,5,1,6.260638589,114.1802463,,,,,,
LUZ19,L14,phage14,40,2,6,1,5.988398,109.2151781,,,,,,
LUZ19,L14,phage14,40,2,1,2,8.593890889,156.7336246,,,,,,
LUZ19,L14,phage14,40,2,2,2,6.170135027,112.5296608,,,,,,
LUZ19,L14,phage14,40,2,3,3,5.285228782,96.39092171,,,,,,
LUZ19,L14,phage14,40,2,4,3,4.627374481,84.3931095,,,,,,
LUZ19,L14,phage14,42,2,5,1,4.899710333,89.35991508,,,,,,
LUZ19,L14,phage14,42,2,6,1,4.969569346,90.63398947,,,,,,
LUZ19,L14,phage14,42,2,1,2,3.876294007,70.69505741,,,,,,
LUZ19,L14,phage14,42,2,2,2,3.999795416,72.94745085,,,,,,
LUZ19,L14,phage14,42,2,3,3,5.241694784,95.59695756,,,,,,
LUZ19,L14,phage14,42,2,4,3,5.220079785,95.20274763,,,,,,
LUZ19,L14,phage14,37,5,5,1,11.58473673,211.2800594,0.882729786,,,,,
LUZ19,L14,phage14,37,5,6,1,12.64931517,230.6956233,0.963848168,,,,,
LUZ19,L14,phage14,37,5,1,2,8.204141695,149.6254585,0.625136368,,,,,
LUZ19,L14,phage14,37,5,2,2,9.440978514,172.1826355,0.719380435,,,,,
LUZ19,L14,phage14,37,5,3,3,10.87343869,198.3075512,0.828530543,,,,,
LUZ19,L14,phage14,37,5,4,3,9.337384024,170.2933004,0.711486777,,,,,
LUZ19,L14,phage14,40,5,5,1,10.3937308,189.5587368,0.79275222,,,,,
LUZ19,L14,phage14,40,5,6,1,10.2869383,187.6110771,0.784606927,,,,,
LUZ19,L14,phage14,40,5,1,2,12.56157179,229.0953775,0.958098119,,,,,
LUZ19,L14,phage14,40,5,2,2,14.35713897,261.8425645,1.095049893,,,,,
LUZ19,L14,phage14,40,5,3,3,9.042123056,164.9083912,0.689662188,,,,,
LUZ19,L14,phage14,40,5,4,3,7.426149629,135.4365983,0.566408417,,,,,
LUZ19,L14,phage14,42,5,5,1,8.414266767,153.4576766,0.847386102,,,,,
LUZ19,L14,phage14,42,5,6,1,9.52769084,173.7640772,0.959517094,,,,,
LUZ19,L14,phage14,42,5,1,2,9.758559998,177.9746216,0.982767524,,,,,
LUZ19,L14,phage14,42,5,2,2,8.066630376,147.1175552,0.812376248,,,,,
LUZ19,L14,phage14,42,5,3,3,9.802711803,178.7798532,0.987213975,,,,,
LUZ19,L14,phage14,42,5,4,3,7.396458489,134.8950974,0.744884409,,,,,
LUZ19,PL,PEV2,37,0,0,2,0.057856475,1.05517456,,,,,,
LUZ19,PL,PEV2,37,0,0,3,0.057264966,1.044386739,,,,,,
LUZ19,PL,PEV2,37,0,0,3,0.043996432,0.80239793,,,,,,
LUZ19,PL,PEV2,40,0,0,1,0.057856475,1.05517456,,,,,,
LUZ19,PL,PEV2,40,0,0,1,0.057264966,1.044386739,,,,,,
LUZ19,PL,PEV2,40,0,0,2,0.043996432,0.80239793,,,,,,
LUZ19,PL,PEV2,42,0,0,2,0.057856475,1.05517456,,,,,,
LUZ19,PL,PEV2,42,0,0,3,0.057264966,1.044386739,,,,,,
LUZ19,PL,PEV2,42,0,0,3,0.043996432,0.80239793,,,,,,
LUZ19,PL,PEV2,37,2,5,1,5.405154504,98.57810251,,,,,,
LUZ19,PL,PEV2,37,2,6,1,5.219494771,95.19207826,,,,,,
LUZ19,PL,PEV2,37,2,1,2,7.447803174,135.8315112,,,,,,
LUZ19,PL,PEV2,37,2,2,2,2.060629173,37.58133346,,,,,,
LUZ19,PL,PEV2,37,2,3,3,5.560936551,101.4192236,,,,,,
LUZ19,PL,PEV2,37,2,4,3,5.807878352,105.9228977,,,,,,
LUZ19,PL,PEV2,40,2,5,1,6.90866179,125.9987609,,,,,,
LUZ19,PL,PEV2,40,2,6,1,6.758696657,123.2637275,,,,,,
LUZ19,PL,PEV2,40,2,1,2,5.07556301,92.56708024,,,,,,
LUZ19,PL,PEV2,40,2,2,2,5.96742419,108.8326621,,,,,,
LUZ19,PL,PEV2,40,2,3,3,4.312453562,78.64964618,,,,,,
LUZ19,PL,PEV2,40,2,4,3,4.423254962,80.67041945,,,,,,
LUZ19,PL,PEV2,42,2,5,1,4.653186623,84.86386607,,,,,,
LUZ19,PL,PEV2,42,2,6,1,4.875154443,88.91206978,,,,,,
LUZ19,PL,PEV2,42,2,1,2,6.561302294,119.6636895,,,,,,
LUZ19,PL,PEV2,42,2,2,2,6.373002486,116.2295161,,,,,,
LUZ19,PL,PEV2,42,2,3,3,5.371514516,97.96458328,,,,,,
LUZ19,PL,PEV2,42,2,4,3,5.035438534,91.83529825,,,,,,
LUZ19,PL,PEV2,37,5,5,1,6.629398708,120.9056179,0.505144643,,,,,
LUZ19,PL,PEV2,37,5,6,1,6.654712393,121.3672838,0.507073487,,,,,
LUZ19,PL,PEV2,37,5,1,2,8.863064863,161.6427645,0.675344769,,,,,
LUZ19,PL,PEV2,37,5,2,2,8.752564313,159.6274781,0.666924886,,,,,
LUZ19,PL,PEV2,37,5,3,3,6.972300782,127.1593958,0.531272978,,,,,
LUZ19,PL,PEV2,37,5,4,3,6.538190949,119.2421895,0.498194826,,,,,
LUZ19,PL,PEV2,40,5,5,1,7.383661346,134.6617057,0.563167744,,,,,
LUZ19,PL,PEV2,40,5,6,1,11.22045783,204.6364154,0.85580847,,,,,
LUZ19,PL,PEV2,40,5,1,2,7.778382069,141.8605415,0.593273943,,,,,
LUZ19,PL,PEV2,40,5,2,2,8.756286709,159.6953664,0.667860835,,,,,
LUZ19,PL,PEV2,40,5,3,3,6.781448094,123.6786636,0.517235643,,,,,
LUZ19,PL,PEV2,40,5,4,3,6.767038251,123.4158598,0.516136573,,,,,
LUZ19,PL,PEV2,42,5,5,1,7.796932619,142.1988627,0.785215459,,,,,
LUZ19,PL,PEV2,42,5,6,1,7.382575407,134.6419006,0.743486268,,,,,
LUZ19,PL,PEV2,42,5,1,2,15.71169925,286.5467579,1.582297775,,,,,
LUZ19,PL,PEV2,42,5,2,2,14.48170546,264.1143827,1.458427249,,,,,
LUZ19,PL,PEV2,42,5,3,3,9.834123965,179.3527418,0.990377439,,,,,
LUZ19,PL,PEV2,42,5,4,3,9.576786235,174.6594689,0.964461406,,,,,
PEV2,3P,3P,37,0,0,1,0.043265271,0.844540841,,,,,,
PEV2,3P,3P,37,0,0,1,0.041566802,0.811386618,,,,,,
PEV2,3P,3P,37,0,0,2,0.068855951,1.344072541,,,,,,
PEV2,3P,3P,40,0,0,2,0.043265271,0.844540841,,,,,,
PEV2,3P,3P,40,0,0,3,0.041566802,0.811386618,,,,,,
PEV2,3P,3P,40,0,0,3,0.068855951,1.344072541,,,,,,
PEV2,3P,3P,42,0,0,1,0.043265271,0.844540841,,,,,,
PEV2,3P,3P,42,0,0,1,0.041566802,0.811386618,,,,,,
PEV2,3P,3P,42,0,0,2,0.068855951,1.344072541,,,,,,
PEV2,3P,3P,37,2,1,1,12.76774628,249.2272192,,,,,,
PEV2,3P,3P,37,2,2,1,9.486207022,185.1713642,,,,,,
PEV2,3P,3P,37,2,3,2,8.860641083,172.9602773,,,,,,
PEV2,3P,3P,37,2,4,2,8.171083269,159.5000649,,,,,,
PEV2,3P,3P,37,2,5,3,1.648118892,32.17138556,,,,,,
PEV2,3P,3P,37,2,6,3,1.509504565,29.46562508,,,,,,
PEV2,3P,3P,40,2,1,1,7.065884723,137.926519,,,,,,
PEV2,3P,3P,40,2,2,1,6.934350061,135.3589541,,,,,,
PEV2,3P,3P,40,2,3,2,7.602914702,148.4093784,,,,,,
PEV2,3P,3P,40,2,4,2,6.702639556,130.8359503,,,,,,
PEV2,3P,3P,40,2,5,3,1.271331065,24.81646322,,,,,,
PEV2,3P,3P,40,2,6,3,1.017512416,19.86190705,,,,,,
PEV2,3P,3P,42,2,1,1,0.076651779,1.4962476,,,,,,
PEV2,3P,3P,42,2,2,1,0.069175253,1.350305337,,,,,,
PEV2,3P,3P,42,2,3,2,0.634697072,12.3893272,,,,,,
PEV2,3P,3P,42,2,4,2,0.06698839,1.307617632,,,,,,
PEV2,3P,3P,42,2,5,3,0.048820784,0.952984808,,,,,,
PEV2,3P,3P,42,2,6,3,0.066977767,1.30741027,,,,,,
PEV2,3P,3P,37,5,1,1,21.18725196,413.5765053,1.164646484,,,,,
PEV2,3P,3P,37,5,2,1,16.02619007,312.8322491,0.880946994,,,,,
PEV2,3P,3P,37,5,3,2,14.56542897,284.3180996,0.800650111,,,,,
PEV2,3P,3P,37,5,4,2,13.69796221,267.3850933,0.75296615,,,,,
PEV2,3P,3P,37,5,5,3,13.40342448,261.635698,0.736775644,,,,,
PEV2,3P,3P,37,5,6,3,15.19070574,296.5235419,0.835021081,,,,,
PEV2,3P,3P,40,5,1,1,15.45329847,301.6493687,0.844011114,,,,,
PEV2,3P,3P,40,5,2,1,14.75907466,288.0980757,0.806094768,,,,,
PEV2,3P,3P,40,5,3,2,16.71183917,326.2161631,0.912748694,,,,,
PEV2,3P,3P,40,5,4,2,6.281742102,122.6200052,0.343089222,,1.070466408,,,
PEV2,3P,3P,40,5,5,3,13.85307476,270.4129001,0.756611871,,179.376208,,,
PEV2,3P,3P,40,5,6,3,12.68132992,247.5403663,0.692614811,,,,,
PEV2,3P,3P,42,5,1,1,0.071522002,1.396114026,1.185002032,,,,,
PEV2,3P,3P,42,5,2,1,0.067272861,1.313170524,1.114600749,,,,,
PEV2,3P,3P,42,5,3,2,0.502576457,9.810324395,8.326865945,,,,,
PEV2,3P,3P,42,5,4,2,0.059612869,1.163646993,0.98768727,,,,,
PEV2,3P,3P,42,5,5,3,0.171780669,3.353169581,2.846123377,,,,,
PEV2,3P,3P,42,5,6,3,0.13205164,2.577656409,2.187878658,,,,,
PEV2,P,No_competitor,37,0,0,1,0.043128072,0.841862708,,,,,,
PEV2,P,No_competitor,37,0,0,2,0.046652266,0.910655198,,,,,,
PEV2,P,No_competitor,37,0,0,3,0.080139414,1.564326457,,,,,,
PEV2,P,No_competitor,40,0,0,1,0.043128072,0.841862708,,,,,,
PEV2,P,No_competitor,40,0,0,2,0.046652266,0.910655198,,,,,,
PEV2,P,No_competitor,40,0,0,3,0.080139414,1.564326457,,,,,,
PEV2,P,No_competitor,42,0,0,1,0.043128072,0.841862708,,,,,,
PEV2,P,No_competitor,42,0,0,2,0.046652266,0.910655198,,,,,,
PEV2,P,No_competitor,42,0,0,3,0.080139414,1.564326457,,,,,,
PEV2,P,No_competitor,37,1,1,1,0.305793494,5.969108445,,,,,,
PEV2,P,No_competitor,37,1,2,1,0.389468456,7.602449024,,,,,,
PEV2,P,No_competitor,37,1,3,2,0.459810658,8.975533279,,,,,,
PEV2,P,No_competitor,37,1,4,2,0.38592558,7.533291859,,,,,,
PEV2,P,No_competitor,37,1,5,3,1.540254899,30.06587356,,,,,,
PEV2,P,No_competitor,37,1,6,3,1.396331178,27.25647337,,,,,,
PEV2,P,No_competitor,40,1,1,1,0.443781157,8.6626364,,,,,,
PEV2,P,No_competitor,40,1,2,1,0.333942985,6.518588299,,,,,,
PEV2,P,No_competitor,40,1,3,2,0.294139419,5.74162016,,,,,,
PEV2,P,No_competitor,40,1,4,2,0.325927779,6.362130969,,,,,,
PEV2,P,No_competitor,40,1,5,3,0.297612833,5.809421422,,,,,,
PEV2,P,No_competitor,40,1,6,3,1.153432096,22.51506785,,,,,,
PEV2,P,No_competitor,42,1,1,1,0.070607805,1.378268843,,,,,,
PEV2,P,No_competitor,42,1,2,1,0.069161198,1.350030982,,,,,,
PEV2,P,No_competitor,42,1,3,2,0.139009487,2.713474024,,,,,,
PEV2,P,No_competitor,42,1,4,2,0.134878104,2.632829166,,,,,,
PEV2,P,No_competitor,42,1,5,3,0.060916215,1.18908839,,,,,,
PEV2,P,No_competitor,42,1,6,3,0.049342977,0.963178048,,,,,,
PEV2,P,No_competitor,37,2,1,1,8.42425746,164.4420412,,,,,,
PEV2,P,No_competitor,37,2,2,1,12.69271826,247.7626674,,,,,,
PEV2,P,No_competitor,37,2,3,2,11.58227257,226.086697,,,,,,
PEV2,P,No_competitor,37,2,4,2,9.03957186,176.4530174,,,,,,
PEV2,P,No_competitor,37,2,5,3,7.733639787,150.9611403,,,,,,
PEV2,P,No_competitor,37,2,6,3,9.727722557,189.8857628,,,,,,
PEV2,P,No_competitor,40,2,1,1,5.729594521,111.8420493,,,,,,
PEV2,P,No_competitor,40,2,2,1,8.757983746,170.9563996,,,,,,
PEV2,P,No_competitor,40,2,3,2,9.341405415,182.3448276,,,,,,
PEV2,P,No_competitor,40,2,4,2,9.371778,182.9377024,,,,,,
PEV2,P,No_competitor,40,2,5,3,9.543243664,186.2847231,,,,,,
PEV2,P,No_competitor,40,2,6,3,7.697939076,150.2642602,,,,,,
PEV2,P,No_competitor,42,2,1,1,0.062527041,1.220531816,,,,,,
PEV2,P,No_competitor,42,2,2,1,0.052202766,1.019001311,,,,,,
PEV2,P,No_competitor,42,2,3,2,0.101281724,1.977025692,,,,,,
PEV2,P,No_competitor,42,2,4,2,0.098785923,1.928307498,,,,,,
PEV2,P,No_competitor,42,2,5,3,0.060175925,1.174637882,,,,,,
PEV2,P,No_competitor,42,2,6,3,0.042140238,0.822580125,,,,,,
PEV2,P,No_competitor,37,3,1,1,9.858449651,192.437564,,,,,,
PEV2,P,No_competitor,37,3,2,1,13.30678255,259.7492414,,,,,,
PEV2,P,No_competitor,37,3,3,2,14.00812932,273.439575,,,,,,
PEV2,P,No_competitor,37,3,4,2,11.94040398,233.0774449,,,,,,
PEV2,P,No_competitor,37,3,5,3,10.38910881,202.7960645,,,,,,
PEV2,P,No_competitor,37,3,6,3,12.01147528,234.4647612,,,,,,
PEV2,P,No_competitor,40,3,1,1,9.666938319,188.6992506,,,,,,
PEV2,P,No_competitor,40,3,2,1,10.9684713,214.1052572,,,,,,
PEV2,P,No_competitor,40,3,3,2,10.7469178,209.7805187,,,,,,
PEV2,P,No_competitor,40,3,4,2,13.65522435,266.5508475,,,,,,
PEV2,P,No_competitor,40,3,5,3,14.08402426,274.921049,,,,,,
PEV2,P,No_competitor,40,3,6,3,11.94881031,233.241537,,,,,,
PEV2,P,No_competitor,42,3,1,1,0.063970655,1.248711253,,,,,,
PEV2,P,No_competitor,42,3,2,1,0.065570488,1.279940095,,,,,,
PEV2,P,No_competitor,42,3,3,2,0.09673541,1.888281354,,,,,,
PEV2,P,No_competitor,42,3,4,2,0.105141505,2.052368863,,,,,,
PEV2,P,No_competitor,42,3,5,3,0.048144742,0.939788425,,,,,,
PEV2,P,No_competitor,42,3,6,3,0.047482518,0.92686177,,,,,,
PEV2,P,No_competitor,37,4,1,1,18.7496687,365.9947251,,,,,,
PEV2,P,No_competitor,37,4,2,1,18.05320716,352.3997516,,,,,,
PEV2,P,No_competitor,37,4,3,2,16.18272599,315.8878402,,,,,,
PEV2,P,No_competitor,37,4,4,2,17.9601951,350.5841503,,,,,,
PEV2,P,No_competitor,37,4,5,3,13.16153074,256.9139169,,,,,,
PEV2,P,No_competitor,37,4,6,3,14.96063505,292.0325474,,,,,,
PEV2,P,No_competitor,40,4,1,1,17.78346885,347.1344426,,,,,,
PEV2,P,No_competitor,40,4,2,1,18.43113832,359.7769919,,,,,,
PEV2,P,No_competitor,40,4,3,2,13.3819848,261.2171941,,,,,,
PEV2,P,No_competitor,40,4,4,2,15.10079683,294.7685142,,,,,,
PEV2,P,No_competitor,40,4,5,3,15.59977902,304.5086783,,,,,,
PEV2,P,No_competitor,40,4,6,3,12.5520817,245.0174328,,,,,,
PEV2,P,No_competitor,42,4,1,1,0.073787198,1.440330796,,,,,,
PEV2,P,No_competitor,42,4,2,1,0.092086799,1.797540171,,,,,,
PEV2,P,No_competitor,42,4,3,2,0.084425419,1.647989547,,,,,,
PEV2,P,No_competitor,42,4,4,2,0.077219995,1.507339212,,,,,,
PEV2,P,No_competitor,42,4,5,3,0.046935111,0.916176351,,,,,,
PEV2,P,No_competitor,42,4,6,3,0.042265883,0.825032723,,,,,,
PEV2,P,No_competitor,37,5,1,1,15.7752784,307.9344374,0.867154578,,,,,
PEV2,P,No_competitor,37,5,2,1,19.02284322,371.3271091,1.045670648,,,,,
PEV2,P,No_competitor,37,5,3,2,20.17331043,393.7843022,1.10891092,,,,,
PEV2,P,No_competitor,37,5,4,2,21.9249303,427.9760334,1.205196079,,,,,
PEV2,P,No_competitor,37,5,5,3,13.46226476,262.784264,0.740010047,,,,,
PEV2,P,No_competitor,37,5,6,3,18.79338894,366.848147,1.033057727,,,,,
PEV2,P,No_competitor,40,5,1,1,20.67120026,403.5031434,1.128996686,,,,,
PEV2,P,No_competitor,40,5,2,1,21.25140194,414.828717,1.160685498,,,,,
PEV2,P,No_competitor,40,5,3,2,16.85296566,328.9709612,0.920456584,,,,,
PEV2,P,No_competitor,40,5,4,2,21.19548274,413.7371707,1.157631365,,,,,
PEV2,P,No_competitor,40,5,5,3,14.86890137,290.2419001,0.812093162,,,,,
PEV2,P,No_competitor,40,5,6,3,15.01617346,293.1166607,0.820136705,,,,,
PEV2,P,No_competitor,42,5,1,1,0.062000724,1.210258075,1.027250103,,,,,
PEV2,P,No_competitor,42,5,2,1,0.062148601,1.213144643,1.029700182,,,,,
PEV2,P,No_competitor,42,5,3,2,0.073802495,1.440629395,1.222786053,,,,,
PEV2,P,No_competitor,42,5,4,2,0.083960427,1.638912873,1.391086293,,,,,
PEV2,P,No_competitor,42,5,5,3,0.043967143,0.858241427,0.728463303,,,,,
PEV2,P,No_competitor,42,5,6,3,0.036256708,0.707733245,0.600714066,,,,,
PEV2,P14,phage14,37,0,0,1,0.04873903,0.951388964,,,,,,
PEV2,P14,phage14,37,0,0,1,0.045904223,0.896053352,,,,,,
PEV2,P14,phage14,37,0,0,2,0.069874614,1.363956908,,,,,,
PEV2,P14,phage14,40,0,0,2,0.04873903,0.951388964,,,,,,
PEV2,P14,phage14,40,0,0,3,0.045904223,0.896053352,,,,,,
PEV2,P14,phage14,40,0,0,3,0.069874614,1.363956908,,,,,,
PEV2,P14,phage14,42,0,0,1,0.04873903,0.951388964,,,,,,
PEV2,P14,phage14,42,0,0,1,0.045904223,0.896053352,,,,,,
PEV2,P14,phage14,42,0,0,2,0.069874614,1.363956908,,,,,,
PEV2,P14,phage14,37,2,1,1,9.320176893,181.9304455,,,,,,
PEV2,P14,phage14,37,2,2,1,11.2096703,218.813477,,,,,,
PEV2,P14,phage14,37,2,3,2,9.362106906,182.7489221,,,,,,
PEV2,P14,phage14,37,2,4,2,9.380174923,183.1016109,,,,,,
PEV2,P14,phage14,37,2,5,3,8.63492078,168.5542026,,,,,,
PEV2,P14,phage14,37,2,6,3,8.751452431,170.8289079,,,,,,
PEV2,P14,phage14,40,2,1,1,7.679931665,149.9127544,,,,,,
PEV2,P14,phage14,40,2,2,1,6.968566141,136.0268541,,,,,,
PEV2,P14,phage14,40,2,3,2,6.5327707,127.5200994,,,,,,
PEV2,P14,phage14,40,2,4,2,6.896128106,134.6128591,,,,,,
PEV2,P14,phage14,40,2,5,3,6.850919815,133.7303904,,,,,,
PEV2,P14,phage14,40,2,6,3,7.345039376,143.3756356,,,,,,
PEV2,P14,phage14,42,2,1,1,0.094920854,1.852861105,,,,,,
PEV2,P14,phage14,42,2,2,1,0.108098341,2.110086489,,,,,,
PEV2,P14,phage14,42,2,3,2,0.101622749,1.983682522,,,,,,
PEV2,P14,phage14,42,2,4,2,0.121959759,2.38066225,,,,,,
PEV2,P14,phage14,42,2,5,3,0.058965966,1.151019405,,,,,,
PEV2,P14,phage14,42,2,6,3,0.070203516,1.370377096,,,,,,
PEV2,P14,phage14,37,5,1,1,17.01049142,332.045874,0.935053261,,,,,
PEV2,P14,phage14,37,5,2,1,13.33243096,260.2499,0.732873186,,,,,
PEV2,P14,phage14,37,5,3,2,22.25290756,434.3781704,1.22322473,,,,,
PEV2,P14,phage14,37,5,4,2,21.15069029,412.8628192,1.162636718,,,,,
PEV2,P14,phage14,37,5,5,3,15.67835485,306.0424835,0.861826767,,,,,
PEV2,P14,phage14,37,5,6,3,12.25318709,239.1829911,0.673548004,,,,,
PEV2,P14,phage14,40,5,1,1,10.80328955,210.8808989,0.590042085,,,,,
PEV2,P14,phage14,40,5,2,1,8.774879103,171.286198,0.479256613,,,,,
PEV2,P14,phage14,40,5,3,2,12.58964227,245.7506176,0.687607116,,,,,
PEV2,P14,phage14,40,5,4,2,12.4514907,243.0538901,0.680061707,,,,,
PEV2,P14,phage14,40,5,5,3,12.62425397,246.4262401,0.6894975,,,,,
PEV2,P14,phage14,40,5,6,3,11.90939331,232.4721146,0.650454033,,,,,
PEV2,P14,phage14,42,5,1,1,0.070338197,1.373006078,1.165388329,,,,,
PEV2,P14,phage14,42,5,2,1,0.054150089,1.05701318,0.897177983,,,,,
PEV2,P14,phage14,42,5,3,2,0.082083164,1.60226858,1.35998313,,,,,
PEV2,P14,phage14,42,5,4,2,0.0806553,1.574396584,1.33632577,,,,,
PEV2,P14,phage14,42,5,5,3,0.039166354,0.76452972,0.648922119,,,,,
PEV2,P14,phage14,42,5,6,3,0.035568816,0.69430555,0.589316826,,,,,
PEV2,PL,LUZ19,37,0,0,2,0.051467544,1.004649731,,,,,,
PEV2,PL,LUZ19,37,0,0,3,0.04131903,0.806550093,,,,,,
PEV2,PL,LUZ19,37,0,0,3,0.060152603,1.174182635,,,,,,
PEV2,PL,LUZ19,40,0,0,1,0.051467544,1.004649731,,,,,,
PEV2,PL,LUZ19,40,0,0,1,0.04131903,0.806550093,,,,,,
PEV2,PL,LUZ19,40,0,0,2,0.060152603,1.174182635,,,,,,
PEV2,PL,LUZ19,42,0,0,2,0.051467544,1.004649731,,,,,,
PEV2,PL,LUZ19,42,0,0,3,0.04131903,0.806550093,,,,,,
PEV2,PL,LUZ19,42,0,0,3,0.060152603,1.174182635,,,,,,
PEV2,PL,LUZ19,37,2,1,1,10.14125057,197.9578559,,,,,,
PEV2,PL,LUZ19,37,2,2,1,9.618431735,187.752399,,,,,,
PEV2,PL,LUZ19,37,2,3,2,12.09233282,236.0431055,,,,,,
PEV2,PL,LUZ19,37,2,4,2,9.203770856,179.6581923,,,,,,
PEV2,PL,LUZ19,37,2,5,3,7.859693809,153.4217229,,,,,,
PEV2,PL,LUZ19,37,2,6,3,7.391115193,144.2750385,,,,,,
PEV2,PL,LUZ19,40,2,1,1,5.982737396,116.7834144,,,,,,
PEV2,PL,LUZ19,40,2,2,1,6.79745914,132.6868346,,,,,,
PEV2,PL,LUZ19,40,2,3,2,6.911774519,134.9182781,,,,,,
PEV2,PL,LUZ19,40,2,4,2,7.624017295,148.8213023,,,,,,
PEV2,PL,LUZ19,40,2,5,3,5.879985071,114.7776824,,,,,,
PEV2,PL,LUZ19,40,2,6,3,5.835733287,113.9138848,,,,,,
PEV2,PL,LUZ19,42,2,1,1,0.067655529,1.320640228,,,,,,
PEV2,PL,LUZ19,42,2,2,1,0.069113987,1.349109421,,,,,,
PEV2,PL,LUZ19,42,2,3,2,0.109329623,2.134121192,,,,,,
PEV2,PL,LUZ19,42,2,4,2,0.104183799,2.033674381,,,,,,
PEV2,PL,LUZ19,42,2,5,3,0.04713306,0.920040328,,,,,,
PEV2,PL,LUZ19,42,2,6,3,0.05275292,1.029740352,,,,,,
PEV2,PL,LUZ19,37,5,1,1,10.61761108,207.2564434,0.583641684,,,,,
PEV2,PL,LUZ19,37,5,2,1,11.11272231,216.921046,0.610857557,,,,,
PEV2,PL,LUZ19,37,5,3,2,16.70994644,326.1792169,0.918532541,,,,,
PEV2,PL,LUZ19,37,5,4,2,14.70898897,287.1203999,0.808541491,,,,,
PEV2,PL,LUZ19,37,5,5,3,13.76854571,268.7628877,0.756846069,,,,,
PEV2,PL,LUZ19,37,5,6,3,12.55322714,245.0397919,0.690040968,,,,,
PEV2,PL,LUZ19,40,5,1,1,15.96275371,311.5939673,0.871835975,,,,,
PEV2,PL,LUZ19,40,5,2,1,16.51527503,322.3792186,0.902012972,,,,,
PEV2,PL,LUZ19,40,5,3,2,13.5733934,264.9535022,0.741336544,,,,,
PEV2,PL,LUZ19,40,5,4,2,15.84823127,309.358482,0.865581116,,,,,
PEV2,PL,LUZ19,40,5,5,3,11.912588,232.5344752,0.650628517,,,,,
PEV2,PL,LUZ19,40,5,6,3,9.125220399,178.1248824,0.498391166,,,,,
PEV2,PL,LUZ19,42,5,1,1,0.054671555,1.06719223,0.905817818,,,,,
PEV2,PL,LUZ19,42,5,2,1,0.183286582,3.577765734,3.036757446,,,,,
PEV2,PL,LUZ19,42,5,3,2,0.076078967,1.485066273,1.260503453,,,,,
PEV2,PL,LUZ19,42,5,4,2,0.073188572,1.428645579,1.212614358,,,,,
PEV2,PL,LUZ19,42,5,5,3,0.034090199,0.665442852,0.564818573,,,,,
PEV2,PL,LUZ19,42,5,6,3,0.032302099,0.630539026,0.535192694,,,,,
phage14,3P,3P,37,0,0,1,0.071537712,1.009914699,,,,,,
phage14,3P,3P,37,0,0,2,0.070870636,1.00049743,,,,,,
phage14,3P,3P,37,0,0,3,0.070097853,0.989587871,,,,,,
phage14,3P,3P,40,0,0,1,0.071537712,1.009914699,,,,,,
phage14,3P,3P,40,0,0,2,0.070870636,1.00049743,,,,,,
phage14,3P,3P,40,0,0,3,0.070097853,0.989587871,,,,,,
phage14,3P,3P,42,0,0,1,0.071537712,1.009914699,,,,,,
phage14,3P,3P,42,0,0,2,0.070870636,1.00049743,,,,,,
phage14,3P,3P,42,0,0,3,0.070097853,0.989587871,,,,,,
phage14,3P,3P,37,2,1,1,1.958538511,27.64914861,,,,,,
phage14,3P,3P,37,2,2,1,1.646691733,23.24673433,,,,,,
phage14,3P,3P,37,2,3,2,1.219049815,17.20961284,,,,,,
phage14,3P,3P,37,2,4,2,1.191829254,16.82533378,,,,,,
phage14,3P,3P,37,2,5,3,1.08723349,15.34873079,,,,,,
phage14,3P,3P,37,2,6,3,1.223186406,17.26801007,,,,,,
phage14,3P,3P,40,2,1,1,3.496325183,49.3584446,,,,,,
phage14,3P,3P,40,2,2,1,2.594167619,36.62247417,,,,,,
phage14,3P,3P,40,2,3,2,1.689626809,23.8528589,,,,,,
phage14,3P,3P,40,2,4,2,1.824663674,25.75920607,,,,,,
phage14,3P,3P,40,2,5,3,1.956876817,27.62569009,,,,,,
phage14,3P,3P,40,2,6,3,1.636004798,23.09586436,,,,,,
phage14,3P,3P,42,2,1,1,0.362814073,5.121931567,,,,,,
phage14,3P,3P,42,2,2,1,0.292808784,4.133650443,,,,,,
phage14,3P,3P,42,2,3,2,0.386319284,5.453760156,,,,,,
phage14,3P,3P,42,2,4,2,0.336317052,4.747866892,,,,,,
phage14,3P,3P,42,2,5,3,0.38474735,5.431568795,,,,,,
phage14,3P,3P,42,2,6,3,0.436988601,6.169070817,,,,,,
phage14,3P,3P,37,5,1,1,23.6432966,333.7779767,0.074210631,,,,,
phage14,3P,3P,37,5,2,1,17.4773863,246.7323714,0.054857319,,,,,
phage14,3P,3P,37,5,3,2,12.30863101,173.7638377,0.038633837,,,,,
phage14,3P,3P,37,5,4,2,13.06513863,184.4436337,0.041008333,,,,,
phage14,3P,3P,37,5,5,3,15.34547114,216.6356238,0.048165749,,,,,
phage14,3P,3P,37,5,6,3,15.14393632,213.7905094,0.04753318,,,,,
phage14,3P,3P,40,5,1,1,38.72997018,546.7600945,0.200688958,,,,,
phage14,3P,3P,40,5,2,1,41.21821876,581.8872847,0.213582436,,,,,
phage14,3P,3P,40,5,3,2,54.68257115,771.9667129,0.283351321,,,,,
phage14,3P,3P,40,5,4,2,48.59996974,686.0971987,0.251832811,,,,,
phage14,3P,3P,40,5,5,3,30.72131104,433.6999706,0.159190102,,,,,
phage14,3P,3P,40,5,6,3,29.9701486,423.0956338,0.155297767,,,,,
phage14,3P,3P,42,5,1,1,2.034775249,28.72540057,0.704999392,,,,,
phage14,3P,3P,42,5,2,1,1.705993732,24.0839146,0.591084712,,,,,
phage14,3P,3P,42,5,3,2,2.052221147,28.97168841,0.711043964,,,,,
phage14,3P,3P,42,5,4,2,1.711779832,24.16559833,0.593089453,,,,,
phage14,3P,3P,42,5,5,3,2.74782229,38.79165328,0.952052588,,,,,
phage14,3P,3P,42,5,6,3,2.153791028,30.4055743,0.746235421,,,,,
phage14,L14,LUZ19,37,0,0,1,0.070383288,0.993617424,,,,,,
phage14,L14,LUZ19,37,0,0,2,0.057872181,0.816995185,,,,,,
phage14,L14,LUZ19,37,0,0,3,0.064181753,0.906068896,,,,,,
phage14,L14,LUZ19,40,0,0,1,0.070383288,0.993617424,,,,,,
phage14,L14,LUZ19,40,0,0,2,0.057872181,0.816995185,,,,,,
phage14,L14,LUZ19,40,0,0,3,0.064181753,0.906068896,,,,,,
phage14,L14,LUZ19,42,0,0,1,0.070383288,0.993617424,,,,,,
phage14,L14,LUZ19,42,0,0,2,0.057872181,0.816995185,,,,,,
phage14,L14,LUZ19,42,0,0,3,0.064181753,0.906068896,,,,,,
phage14,L14,LUZ19,37,2,1,1,1.423555599,20.09666907,,,,,,
phage14,L14,LUZ19,37,2,2,1,1.364636293,19.26489138,,,,,,
phage14,L14,LUZ19,37,2,3,2,1.676198435,23.66328738,,,,,,
phage14,L14,LUZ19,37,2,4,2,2.060575286,29.08962576,,,,,,
phage14,L14,LUZ19,37,2,5,3,1.083842684,15.30086198,,,,,,
phage14,L14,LUZ19,37,2,6,3,1.151372752,16.25419983,,,,,,
phage14,L14,LUZ19,40,2,1,1,2.861970435,40.40310948,,,,,,
phage14,L14,LUZ19,40,2,2,1,3.456051811,48.78989594,,,,,,
phage14,L14,LUZ19,40,2,3,2,2.907935641,41.0520111,,,,,,
phage14,L14,LUZ19,40,2,4,2,2.362726468,33.35516503,,,,,,
phage14,L14,LUZ19,40,2,5,3,1.314391491,18.55557369,,,,,,
phage14,L14,LUZ19,40,2,6,3,1.507924683,21.28772726,,,,,,
phage14,L14,LUZ19,42,2,1,1,0.227296394,3.208796632,,,,,,
phage14,L14,LUZ19,42,2,2,1,0.24074357,3.398633577,,,,,,
phage14,L14,LUZ19,42,2,3,2,0.450183602,6.355347748,,,,,,
phage14,L14,LUZ19,42,2,4,2,0.40156291,5.668958008,,,,,,
phage14,L14,LUZ19,42,2,5,3,0.36282608,5.122101072,,,,,,
phage14,L14,LUZ19,42,2,6,3,0.372146156,5.253674776,,,,,,
phage14,L14,LUZ19,37,5,1,1,103.9412186,1467.36262,0.326246526,,,,,
phage14,L14,LUZ19,37,5,2,1,90.19780678,1273.343644,0.283109257,,,,,
phage14,L14,LUZ19,37,5,3,2,261.8249496,3696.244369,0.821805646,,,,,
phage14,L14,LUZ19,37,5,4,2,228.5198683,3226.068706,0.717268993,,,,,
phage14,L14,LUZ19,37,5,5,3,152.2149621,2148.854406,0.477766215,,,,,
phage14,L14,LUZ19,37,5,6,3,144.8139496,2044.372572,0.454536214,,,,,
phage14,L14,LUZ19,40,5,1,1,88.38711442,1247.781674,0.457999781,,,,,
phage14,L14,LUZ19,40,5,2,1,89.68876046,1266.157317,0.464744584,,,,,
phage14,L14,LUZ19,40,5,3,2,183.3449821,2588.324217,0.950047552,,,,,
phage14,L14,LUZ19,40,5,4,2,180.6569931,2550.377244,0.93611907,,,,,
phage14,L14,LUZ19,40,5,5,3,89.23096224,1259.694472,0.462372388,,,,,
phage14,L14,LUZ19,40,5,6,3,110.7840433,1563.964385,0.57405503,,,,,
phage14,L14,LUZ19,42,5,1,1,1.673157815,23.62036224,0.579707878,,,,,
phage14,L14,LUZ19,42,5,2,1,1.708689444,24.1219706,0.59201871,,,,,
phage14,L14,LUZ19,42,5,3,2,1.441222316,20.34607427,0.499347953,,,,,
phage14,L14,LUZ19,42,5,4,2,1.698305266,23.97537471,0.588420849,,,,,
phage14,L14,LUZ19,42,5,5,3,1.404926468,19.83367725,0.486772338,,,,,
phage14,L14,LUZ19,42,5,6,3,1.402355837,19.79738705,0.485881678,,,,,
phage14,P14,PEV2,37,0,0,1,0.080482423,1.136189287,,,,,,
phage14,P14,PEV2,37,0,0,2,0.066070437,0.932731892,,,,,,
phage14,P14,PEV2,37,0,0,3,0.054593668,0.770711646,,,,,,
phage14,P14,PEV2,40,0,0,1,0.080482423,1.136189287,,,,,,
phage14,P14,PEV2,40,0,0,2,0.066070437,0.932731892,,,,,,
phage14,P14,PEV2,40,0,0,3,0.054593668,0.770711646,,,,,,
phage14,P14,PEV2,42,0,0,1,0.080482423,1.136189287,,,,,,
phage14,P14,PEV2,42,0,0,2,0.066070437,0.932731892,,,,,,
phage14,P14,PEV2,42,0,0,3,0.054593668,0.770711646,,,,,,
phage14,P14,PEV2,37,2,1,1,2.570846306,36.29324171,,,,,,
phage14,P14,PEV2,37,2,2,1,3.118921548,44.03054876,,,,,,
phage14,P14,PEV2,37,2,3,2,1.554202587,21.94104332,,,,,,
phage14,P14,PEV2,37,2,4,2,1.727067866,24.3814231,,,,,,
phage14,P14,PEV2,37,2,5,3,1.870551007,26.40700833,,,,,,
phage14,P14,PEV2,37,2,6,3,1.574135257,22.2224375,,,,,,
phage14,P14,PEV2,40,2,1,1,3.181821848,44.91852708,,,,,,
phage14,P14,PEV2,40,2,2,1,2.686132015,37.92075717,,,,,,
phage14,P14,PEV2,40,2,3,2,2.670861357,37.7051777,,,,,,
phage14,P14,PEV2,40,2,4,2,2.798049032,39.50071601,,,,,,
phage14,P14,PEV2,40,2,5,3,1.812036271,25.58094205,,,,,,
phage14,P14,PEV2,40,2,6,3,0.24649503,3.47982829,,,,,,
phage14,P14,PEV2,42,2,1,1,0.341866881,4.826215132,,,,,,
phage14,P14,PEV2,42,2,2,1,0.371351475,5.242456078,,,,,,
phage14,P14,PEV2,42,2,3,2,0.282357459,3.986106631,,,,,,
phage14,P14,PEV2,42,2,4,2,0.331466075,4.679384509,,,,,,
phage14,P14,PEV2,42,2,5,3,0.496754598,7.012801448,,,,,,
phage14,P14,PEV2,42,2,6,3,0.413942107,5.843718043,,,,,,
phage14,P14,PEV2,37,5,1,1,24.21099313,341.7922821,0.075992494,,,,,
phage14,P14,PEV2,37,5,2,1,22.13153794,312.4361243,0.069465583,,,,,
phage14,P14,PEV2,37,5,3,2,33.17171867,468.2929512,0.104118059,,,,,
phage14,P14,PEV2,37,5,4,2,29.87814778,421.7968366,0.093780331,,,,,
phage14,P14,PEV2,37,5,5,3,36.01962712,508.4975443,0.11305696,,,,,
phage14,P14,PEV2,37,5,6,3,31.53725981,445.2189112,0.098987886,,,,,
phage14,P14,PEV2,40,5,1,1,65.96417435,931.2317576,0.341809749,,,,,
phage14,P14,PEV2,40,5,2,1,65.38348016,923.0339612,0.338800738,,,,,
phage14,P14,PEV2,40,5,3,2,79.17961257,1117.797206,0.410288824,,,,,
phage14,P14,PEV2,40,5,4,2,82.22460907,1160.784137,0.42606723,,,,,
phage14,P14,PEV2,40,5,5,3,74.09321067,1045.991274,0.38393237,,,,,
phage14,P14,PEV2,40,5,6,3,59.89849279,845.6011049,0.310378914,,,,,
phage14,P14,PEV2,42,5,1,1,3.115963116,43.98878388,1.079604296,,,,,
phage14,P14,PEV2,42,5,2,1,4.216387583,59.52373479,1.460874208,,,,,
phage14,P14,PEV2,42,5,3,2,2.968880432,41.91238305,1.028643777,,,,,
phage14,P14,PEV2,42,5,4,2,2.329328374,32.88367628,0.807054778,,,,,
phage14,P14,PEV2,42,5,5,3,2.298053288,32.44215854,0.796218733,,,,,
phage14,P14,PEV2,42,5,6,3,2.212105714,31.22881643,0.76644002,,,,,
phage14,phage14,No_competitor,37,0,0,1,0.084320922,1.19037828,,,,,,
phage14,phage14,No_competitor,37,0,0,2,0.051709862,0.730000279,,,,,,
phage14,phage14,No_competitor,37,0,0,3,0.065060468,0.918473923,,,,,,
phage14,phage14,No_competitor,40,0,0,1,0.084320922,1.19037828,,,,,,
phage14,phage14,No_competitor,40,0,0,2,0.051709862,0.730000279,,,,,,
phage14,phage14,No_competitor,40,0,0,3,0.065060468,0.918473923,,,,,,
phage14,phage14,No_competitor,42,0,0,1,0.084320922,1.19037828,,,,,,
phage14,phage14,No_competitor,42,0,0,2,0.051709862,0.730000279,,,,,,
phage14,phage14,No_competitor,42,0,0,3,0.065060468,0.918473923,,,,,,
phage14,phage14,No_competitor,37,1,1,1,0.168586852,2.379980225,,,,,,
phage14,phage14,No_competitor,37,1,2,1,0.2019579,2.851087155,,,,,,
phage14,phage14,No_competitor,37,1,3,2,0.162720111,2.297158063,,,,,,
phage14,phage14,No_competitor,37,1,4,2,0.143918443,2.031730495,,,,,,
phage14,phage14,No_competitor,37,1,5,3,0.197070986,2.782097441,,,,,,
phage14,phage14,No_competitor,37,1,6,3,0.196383521,2.772392336,,,,,,
phage14,phage14,No_competitor,40,1,1,1,0.209090647,2.951781821,,,,,,
phage14,phage14,No_competitor,40,1,2,1,0.225437127,3.182548922,,,,,,
phage14,phage14,No_competitor,40,1,3,2,0.182556136,2.577187891,,,,,,
phage14,phage14,No_competitor,40,1,4,2,0.172853526,2.440213865,,,,,,
phage14,phage14,No_competitor,40,1,5,3,0.228805256,3.230097591,,,,,,
phage14,phage14,No_competitor,40,1,6,3,0.212977746,3.006656912,,,,,,
phage14,phage14,No_competitor,42,1,1,1,0.258196416,3.645019507,,,,,,
phage14,phage14,No_competitor,42,1,2,1,0.252014438,3.55774707,,,,,,
phage14,phage14,No_competitor,42,1,3,2,0.225804492,3.1877351,,,,,,
phage14,phage14,No_competitor,42,1,4,2,0.2229529,3.147478506,,,,,,
phage14,phage14,No_competitor,42,1,5,3,0.384796274,5.432259466,,,,,,
phage14,phage14,No_competitor,42,1,6,3,0.343163712,4.844522801,,,,,,
phage14,phage14,No_competitor,37,2,1,1,1.890447639,26.68789377,,,,,,
phage14,phage14,No_competitor,37,2,2,1,1.787718995,25.23764935,,,,,,
phage14,phage14,No_competitor,37,2,3,2,2.444232385,34.50580322,,,,,,
phage14,phage14,No_competitor,37,2,4,2,2.355006274,33.24617724,,,,,,
phage14,phage14,No_competitor,37,2,5,3,3.26474911,46.08923073,,,,,,
phage14,phage14,No_competitor,37,2,6,3,3.412697954,48.17785935,,,,,,
phage14,phage14,No_competitor,40,2,1,1,1.89568194,26.76178762,,,,,,
phage14,phage14,No_competitor,40,2,2,1,2.219275351,31.33003188,,,,,,
phage14,phage14,No_competitor,40,2,3,2,3.324250818,46.92923033,,,,,,
phage14,phage14,No_competitor,40,2,4,2,4.116036818,58.10705945,,,,,,
phage14,phage14,No_competitor,40,2,5,3,3.46501008,48.91636193,,,,,,
phage14,phage14,No_competitor,40,2,6,3,4.2935524,60.61308865,,,,,,
phage14,phage14,No_competitor,42,2,1,1,0.297757535,4.203513125,,,,,,
phage14,phage14,No_competitor,42,2,2,1,0.238850267,3.371905373,,,,,,
phage14,phage14,No_competitor,42,2,3,2,0.346572989,4.892652365,,,,,,
phage14,phage14,No_competitor,42,2,4,2,0.298931429,4.220085262,,,,,,
phage14,phage14,No_competitor,42,2,5,3,0.550931193,7.777625176,,,,,,
phage14,phage14,No_competitor,42,2,6,3,0.526196041,7.42843322,,,,,,
phage14,phage14,No_competitor,37,3,1,1,150.437977,2123.768289,,,,,,
phage14,phage14,No_competitor,37,3,2,1,141.4166477,1996.412063,,,,,,
phage14,phage14,No_competitor,37,3,3,2,204.5574956,2887.786257,,,,,,
phage14,phage14,No_competitor,37,3,4,2,170.735225,2410.309311,,,,,,
phage14,phage14,No_competitor,37,3,5,3,122.645447,1731.414609,,,,,,
phage14,phage14,No_competitor,37,3,6,3,121.612017,1716.825435,,,,,,
phage14,phage14,No_competitor,40,3,1,1,79.23564324,1118.588204,,,,,,
phage14,phage14,No_competitor,40,3,2,1,106.0088285,1496.551555,,,,,,
phage14,phage14,No_competitor,40,3,3,2,141.8592429,2002.660283,,,,,,
phage14,phage14,No_competitor,40,3,4,2,117.8280545,1663.406347,,,,,,
phage14,phage14,No_competitor,40,3,5,3,107.2997378,1514.775625,,,,,,
phage14,phage14,No_competitor,40,3,6,3,106.9617146,1510.003672,,,,,,
phage14,phage14,No_competitor,42,3,1,1,1.824400431,25.7554898,,,,,,
phage14,phage14,No_competitor,42,3,2,1,1.229388983,17.3555733,,,,,,
phage14,phage14,No_competitor,42,3,3,2,0.833591743,11.76801061,,,,,,
phage14,phage14,No_competitor,42,3,4,2,0.766335569,10.81853939,,,,,,
phage14,phage14,No_competitor,42,3,5,3,0.757417493,10.69264082,,,,,,
phage14,phage14,No_competitor,42,3,6,3,0.926646321,13.08168397,,,,,,
phage14,phage14,No_competitor,37,4,1,1,191.3630567,2701.517261,,,,,,
phage14,phage14,No_competitor,37,4,2,1,193.2147987,2727.658738,,,,,,
phage14,phage14,No_competitor,37,4,3,2,332.1890802,4689.591343,,,,,,
phage14,phage14,No_competitor,37,4,4,2,264.6795552,3736.543507,,,,,,
phage14,phage14,No_competitor,37,4,5,3,160.0044233,2258.820061,,,,,,
phage14,phage14,No_competitor,37,4,6,3,279.8544032,3950.770404,,,,,,
phage14,phage14,No_competitor,40,4,1,1,199.7372485,2819.737696,,,,,,
phage14,phage14,No_competitor,40,4,2,1,213.9659674,3020.607865,,,,,,
phage14,phage14,No_competitor,40,4,3,2,234.9373195,3316.665373,,,,,,
phage14,phage14,No_competitor,40,4,4,2,174.9756801,2470.172813,,,,,,
phage14,phage14,No_competitor,40,4,5,3,132.4953778,1870.468398,,,,,,
phage14,phage14,No_competitor,40,4,6,3,153.2013747,2162.779824,,,,,,
phage14,phage14,No_competitor,42,4,1,1,4.599428218,64.93120949,,,,,,
phage14,phage14,No_competitor,42,4,2,1,1.71894211,24.26670989,,,,,,
phage14,phage14,No_competitor,42,4,3,2,1.072701009,15.14357234,,,,,,
phage14,phage14,No_competitor,42,4,4,2,1.169092691,16.50435637,,,,,,
phage14,phage14,No_competitor,42,4,5,3,1.263970994,17.84377568,,,,,,
phage14,phage14,No_competitor,42,4,6,3,1.322791568,18.67415956,,,,,,
phage14,phage14,No_competitor,37,5,1,1,169.1234406,2387.555372,0.530837869,,,,,
phage14,phage14,No_competitor,37,5,2,1,181.4902808,2562.140963,0.569654411,,,,,
phage14,phage14,No_competitor,37,5,3,2,510.7455882,7210.315546,1.603107758,,,,,
phage14,phage14,No_competitor,37,5,4,2,514.6953601,7266.075404,1.615505143,,,,,
phage14,phage14,No_competitor,37,5,5,3,279.7260387,3948.958252,0.877992866,,,,,
phage14,phage14,No_competitor,37,5,6,3,255.8022869,3611.221024,0.802901954,,,,,
phage14,phage14,No_competitor,40,5,1,1,146.4386161,2067.308371,0.758808053,,,,,
phage14,phage14,No_competitor,40,5,2,1,147.5705611,2083.288305,0.764673507,,,,,
phage14,phage14,No_competitor,40,5,3,2,278.2252433,3927.771171,1.441693186,,,,,
phage14,phage14,No_competitor,40,5,4,2,222.5613234,3141.950527,1.153256763,,,,,
phage14,phage14,No_competitor,40,5,5,3,172.1371238,2430.100246,0.891971252,,,,,
phage14,phage14,No_competitor,40,5,6,3,190.9774808,2696.073996,0.98959724,,,,,
phage14,phage14,No_competitor,42,5,1,1,5.886434618,83.10018141,2.039504277,,,,,
phage14,phage14,No_competitor,42,5,2,1,3.220322471,45.46204943,1.115762236,,,,,
phage14,phage14,No_competitor,42,5,3,2,1.139933703,16.09271209,0.394958887,,,,,
phage14,phage14,No_competitor,42,5,4,2,2.692464076,38.01014836,0.932872334,,,,,
phage14,phage14,No_competitor,42,5,5,3,1.995162526,28.16617844,0.691274561,,,,,
phage14,phage14,No_competitor,42,5,6,3,2.382933714,33.64043547,0.825627705,,,,,
